TermID	Name	Value	LogSize	Frequency	Uniqueness	Dispensability	Representative
GO:0001649	"osteoblast differentiation"	-1.3961538775380755	3.6506959797606107	0.014878006335176835	0.4937614222748314	0.52854756	null
GO:0007130	"synaptonemal complex assembly"	-1.3961538775380755	3.469527479187014	0.009802254565116507	0.9888365972564351	0.0054809	null
GO:0030218	"erythrocyte differentiation"	-3.217734237773413	3.741151598851785	0.01832392955521779	0.17674934113399632	0	null
GO:0045667	"regulation of osteoblast differentiation"	-2.1086409890700404	3.711807229041191	0.017126504498060705	0.9598358849683658	0.00565793	null
GO:0071902	"positive regulation of protein serine/threonine kinase activity"	-1.5325265612261478	3.9706257766882946	0.03108315877536945	0.9594644513555026	0.15106139	null
GO:0098771	"inorganic ion homeostasis"	-1.6803715479363122	5.03891012457295	0.3637910370871811	0.5183483247721776	0.69651422	null
